Date,Price,Open,High,Low,Vol.M,Change %
2014-01-10,1835,1870,1883,1832,25.88,-3.12
2014-01-14,1793,1795,1804,1776,19.74,-2.29
2014-01-15,1808,1819,1820,1797,9.96,0.84
2014-01-16,1804,1818,1847,1797,13.31,-0.22
2014-01-17,1780,1789,1792,1768,12.96,-1.33
2014-01-20,1767,1784,1792,1762,9.81,-0.73
2014-01-21,1771,1765,1785,1765,6.77,0.23
2014-01-22,1756,1757,1761,1739,13.03,-0.85
2014-01-23,1764,1796,1800,1763,13.08,0.46
2014-01-24,1763,1739,1786,1730,13.66,-0.06
2014-01-27,1711,1705,1718,1701,11.78,-2.95
2014-01-28,1665,1675,1708,1644,23.66,-2.69
2014-01-29,1690,1690,1694,1676,9.97,1.5
2014-01-30,1651,1675,1675,1640,11.79,-2.31
2014-01-31,1626,1655,1665,1609,12.35,-1.51
2014-02-03,1581,1603,1621,1576,11.98,-2.77
2014-02-04,1530,1520,1554,1514,18.1,-3.23
2014-02-05,1600,1630,1650,1569,21.49,4.58
2014-02-06,1624,1603,1627,1581,11.84,1.5
2014-02-07,1691,1680,1707,1651,33.12,4.13
2014-02-10,1702,1711,1737,1688,18.04,0.65
2014-02-12,1765,1735,1768,1725,20.73,3.7
2014-02-13,1729,1761,1763,1712,12.99,-2.04
2014-02-14,1703,1742,1765,1672,14.28,-1.5
2014-02-17,1718,1722,1725,1678,11.21,0.88
2014-02-18,1780,1720,1784,1720,14.82,3.61
2014-02-19,1748,1759,1762,1728,11.42,-1.8
2014-02-20,1741,1749,1758,1737,9.8,-0.4
2014-02-21,1766,1755,1779,1748,13.56,1.44
2014-02-24,1775,1764,1795,1753,11.39,0.51
2014-02-25,1766,1780,1785,1758,8.55,-0.51
2014-02-26,1764,1765,1790,1758,8.48,-0.11
2014-02-27,1757,1764,1776,1745,6.44,-0.4
2014-02-28,1780,1785,1797,1756,15.78,1.31
2014-03-03,1760,1738,1762,1720,9.14,-1.12
2014-03-04,1746,1733,1757,1723,8.02,-0.8
2014-03-05,1783,1772,1794,1764,9.99,2.12
2014-03-06,1825,1788,1842,1787,21.66,2.36
2014-03-07,1844,1852,1863,1837,13.13,1.04
2014-03-10,1864,1860,1885,1849,16.63,1.08
2014-03-11,1867,1859,1885,1857,13.03,0.16
2014-03-12,1840,1839,1859,1836,9.56,-1.45
2014-03-13,1839,1841,1864,1836,6.94,-0.05
2014-03-14,1761,1782,1794,1758,14,-4.24
2014-03-17,1728,1743,1748,1704,10.27,-1.87
2014-03-18,1720,1754,1756,1714,7.72,-0.46
2014-03-19,1731,1736,1756,1713,10.61,0.64
2014-03-20,1757,1765,1784,1737,16.52,1.5
2014-03-24,1798,1815,1824,1797,12.13,2.33
2014-03-25,1837,1790,1845,1772,12.31,2.17
2014-03-26,1871,1852,1874,1851,15.54,1.85
2014-03-27,1881,1838,1890,1805,14.54,0.53
2014-03-28,1897,1864,1905,1860,11.24,0.85
2014-03-31,1972,1920,1985,1919,29.06,3.95
2014-04-01,2011,1993,2030,1986,28.5,1.98
2014-04-02,1990,2018,2029,1988,21.86,-1.04
2014-04-03,1991,2009,2010,1991,8.65,0.05
2014-04-04,1994,1980,2010,1978,9.3,0.15
2014-04-07,1988,1978,2000,1961,9.69,-0.3
2014-04-08,1961,1963,1983,1942,10.21,-1.36
2014-04-09,1895,1928,1947,1876,14.49,-3.37
2014-04-10,1879,1930,1933,1869,9.17,-0.84
2014-04-11,1876,1844,1892,1835,11.92,-0.16
2014-04-14,1870,1857,1894,1841,8.3,-0.32
2014-04-15,1879,1889,1897,1873,7.44,0.48
2014-04-16,1923,1892,1923,1882,11.32,2.34
2014-04-17,1908,1922,1929,1896,8.03,-0.78
2014-04-18,1932,1920,1934,1912,5.42,1.26
2014-04-21,1932,1931,1954,1930,5.04,0
2014-04-22,1899,1945,1957,1897,8.7,-1.71
2014-04-23,1919,1923,1929,1905,6.96,1.05
2014-04-24,1859,1925,1930,1841,11.53,-3.13
2014-04-25,1836,1845,1868,1824,7.74,-1.24
2014-04-28,1815,1820,1826,1793,6.47,-1.14
2014-04-30,1792,1835,1842,1787,6.77,-1.27
2014-05-01,1810,1785,1817,1784,5.9,1
2014-05-02,1800,1743,1807,1728,20.36,-0.55
2014-05-07,1760,1810,1813,1758,8.78,-2.22
2014-05-08,1766,1771,1778,1762,5.11,0.34
2014-05-09,1764,1770,1787,1763,6.49,-0.11
2014-05-12,1754,1768,1774,1752,4.66,-0.57
2014-05-13,1786,1783,1801,1775,6.97,1.82
2014-05-14,1805,1798,1811,1780,6.98,1.06
2014-05-15,1695,1699,1706,1658,29.34,-6.09
2014-05-16,1646,1648,1652,1624,15.76,-2.89
2014-05-19,1627,1651,1652,1613,9.87,-1.15
2014-05-20,1625,1635,1638,1620,7.95,-0.12
2014-05-21,1614,1614,1619,1588,10.35,-0.68
2014-05-22,1645,1637,1649,1628,12.39,1.92
2014-05-23,1632,1636,1646,1595,16.86,-0.79
2014-05-26,1683,1651,1706,1650,12.13,3.13
2014-05-27,1685,1673,1707,1673,9.4,0.12
2014-05-28,1654,1679,1680,1646,11.59,-1.84
2014-05-29,1636,1646,1648,1625,12.13,-1.09
2014-05-30,1627,1642,1650,1626,9.96,-0.55
2014-06-02,1654,1643,1674,1640,12.05,1.66
2014-06-03,1643,1664,1668,1639,9.57,-0.67
2014-06-04,1661,1655,1664,1647,6.34,1.1
2014-06-05,1656,1664,1679,1651,7.69,-0.3
2014-06-06,1643,1653,1661,1636,8.54,-0.79
2014-06-09,1658,1660,1674,1653,6.24,0.91
2014-06-10,1647,1663,1670,1641,6.81,-0.66
2014-06-11,1635,1647,1650,1623,8.59,-0.73
2014-06-12,1639,1631,1640,1622,5.83,0.24
2014-06-13,1645,1625,1648,1625,7.72,0.37
2014-06-16,1648,1654,1673,1641,7.43,0.18
2014-06-17,1637,1649,1651,1633,8,-0.67
2014-06-18,1644,1640,1648,1636,5.16,0.43
2014-06-19,1705,1657,1726,1655,16.97,3.71
2014-06-20,1704,1707,1715,1692,6.33,-0.06
2014-06-23,1715,1727,1738,1696,8.68,0.65
2014-06-24,1708,1702,1714,1692,5.65,-0.41
2014-06-25,1703,1695,1717,1692,5.4,-0.29
2014-06-26,1703,1709,1714,1696,5.57,0
2014-06-27,1679,1691,1698,1668,7.81,-1.41
2014-06-30,1682,1694,1698,1675,5.65,0.18
2014-07-01,1705,1697,1720,1690,8.58,1.37
2014-07-02,1721,1731,1736,1716,9.44,0.94
2014-07-03,1696,1710,1712,1690,8.35,-1.45
2014-07-04,1720,1722,1727,1717,6.32,1.42
2014-07-07,1730,1719,1737,1714,6.81,0.58
2014-07-08,1718,1714,1724,1705,5.97,-0.69
2014-07-09,1697,1698,1701,1690,6.47,-1.22
2014-07-10,1688,1692,1701,1688,5.72,-0.53
2014-07-11,1674,1678,1682,1665,5.7,-0.83
2014-07-14,1681,1679,1683,1671,3.66,0.42
2014-07-15,1675,1683,1686,1672,3.96,-0.36
2014-07-16,1680,1679,1684,1669,4.37,0.3
2014-07-17,1688,1695,1710,1685,5.4,0.48
2014-07-18,1680,1680,1682,1666,4.94,-0.47
2014-07-22,1681.5,1682,1693.5,1680,4.43,0.09
2014-07-23,1699.5,1690,1703,1685,5.22,1.07
2014-07-24,1742.5,1711.5,1766.5,1706,15.59,2.53
2014-07-25,1791.5,1763,1795,1762.5,13,2.81
2014-07-28,1798.5,1794,1819,1790,7.88,0.39
2014-07-29,1784,1795.5,1809.5,1777.5,6.4,-0.81
2014-07-30,1791,1777.5,1796.5,1777,4.61,0.39
2014-07-31,1772,1798,1805,1770.5,6.33,-1.06
2014-08-01,1855,1880,1887,1833,26.45,4.68
2014-08-04,1866,1836,1878.5,1831,8.99,0.59
2014-08-05,1849,1860,1871,1844.5,6.97,-0.91
2014-08-06,1812,1838,1838.5,1800,8.24,-2
2014-08-07,1786.5,1816,1818,1766.5,10.96,-1.41
2014-08-08,1745.5,1775.5,1783.5,1731,12.28,-2.29
2014-08-11,1763.5,1777,1780,1755.5,6.31,1.03
2014-08-12,1774.5,1772,1787.5,1770,5.04,0.62
2014-08-13,1815.5,1779.5,1829,1779,11.27,2.31
2014-08-14,1835,1829,1857,1827,8.51,1.07
2014-08-15,1874,1860,1883.5,1859,11.14,2.13
2014-08-18,1877,1887,1897.5,1875,6.93,0.16
2014-08-19,1913.5,1898,1915,1891,10.33,1.94
2014-08-20,1937,1932,1943.5,1924,9.43,1.23
2014-08-21,1952,1947.5,1956.5,1932,9.33,0.77
2014-08-22,1954.5,1965,1975.5,1948,10.22,0.13
2014-08-25,1972,1966,1984.5,1964,6.88,0.9
2014-08-26,1956,1972,1980,1954,7.21,-0.81
2014-08-27,1956.5,1950,1972.5,1947,5.9,0.03
2014-08-28,1966,1955.5,1977,1950.5,10.34,0.49
2014-08-29,1990,1963,2000,1961.5,10.67,1.22
2014-09-01,2015.5,1982,2020,1980,9.92,1.28
2014-09-02,2019,2028.5,2038,2012,7.77,0.17
2014-09-03,2073,2048,2083,2043,12.9,2.67
2014-09-04,2056,2070,2077,2051.5,5.51,-0.82
2014-09-05,2016,2067.5,2069,2006,10.7,-1.95
2014-09-08,2017.5,2025.5,2033,2002.5,4.99,0.07
2014-09-09,2042,2034,2054.5,2027,7.19,1.21
2014-09-10,2048.5,2042,2058,2037,5.7,0.32
2014-09-11,2104.5,2070,2118,2068,12.61,2.73
2014-09-12,2127,2154.5,2169,2119,15.69,1.07
2014-09-16,2163,2127,2173,2120.5,12.32,1.69
2014-09-17,2123.5,2156,2162,2120,8.76,-1.83
2014-09-18,1940,1865.5,1955.5,1844,85.42,-8.64
2014-09-19,1921,1940.5,1952,1900,33.96,-0.98
2014-09-22,1896.5,1921,1932,1885,16.84,-1.28
2014-09-24,1874,1880,1886.5,1866.5,13.85,-1.19
2014-09-25,1901,1887.5,1913.5,1881,13.11,1.44
2014-09-26,1899,1880.5,1901.5,1880.5,10.07,-0.11
2014-09-29,1959,1925,1968.5,1914,17.06,3.16
2014-09-30,1991,1956,1999,1946,17.4,1.63
2014-10-01,1968.5,1981,2009,1966,14.41,-1.13
2014-10-02,1904.5,1935,1955,1900,14.27,-3.25
2014-10-03,1895,1903,1925,1872,13.64,-0.5
2014-10-06,1937,1932,1952,1903,11.35,2.22
2014-10-07,1913,1935,1944.5,1907,10.72,-1.24
2014-10-08,1915,1874.5,1924.5,1872.5,8.51,0.1
2014-10-09,1882.5,1915,1925,1880,9.07,-1.7
2014-10-10,1882,1850,1897.5,1848,9.64,-0.03
2014-10-14,1822,1840,1855,1794,14.67,-3.19
2014-10-15,1849.5,1831,1878.5,1823.5,10.22,1.51
2014-10-16,1789.5,1804,1821.5,1782,14.14,-3.24
2014-10-17,1805,1816,1843,1797,9.73,0.87
2014-10-20,1875,1847.5,1883,1831,9.77,3.88
2014-10-21,1847,1874,1882,1842.5,10.3,-1.49
2014-10-22,1909,1865,1913,1847.5,12.36,3.36
2014-10-23,1901.5,1898.5,1915.5,1881,6.33,-0.39
2014-10-24,1886.5,1930,1933,1879.5,7.73,-0.79
2014-10-27,1883.5,1908.5,1915.5,1880.5,4.95,-0.16
2014-10-28,1898.5,1877,1910,1872,5.31,0.8
2014-10-29,2001.5,1910,2004,1907,18.17,5.43
2014-10-30,2055,1997,2055,1970.5,16.42,2.67
2014-10-31,2072,2030,2105,2015,19.14,0.83
2014-11-04,2301,2279,2320,2268,34.14,11.05
2014-11-05,2309.5,2277,2312,2255,17.78,0.37
2014-11-06,2231,2297.5,2306,2228,13.57,-3.4
2014-11-07,2258,2281,2299.5,2243.5,10.55,1.21
2014-11-10,2344,2252,2344,2247,20.79,3.81
2014-11-11,2354,2350,2377,2337.5,12.98,0.43
2014-11-12,2365.5,2375,2393,2361.5,10.4,0.49
2014-11-13,2350,2368,2377,2343.5,9.79,-0.66
2014-11-14,2401.5,2385,2401.5,2362.5,10.79,2.19
2014-11-17,2329,2405,2409,2325,11.38,-3.02
2014-11-18,2478.5,2405,2485,2394,17.71,6.42
2014-11-19,2441.5,2500,2515,2422,14.78,-1.49
2014-11-20,2410.5,2455,2458,2400,6.81,-1.27
2014-11-21,2433.5,2430,2456.5,2373.5,9.96,0.95
2014-11-25,2582.5,2535,2583.5,2517,24.74,6.12
2014-11-26,2548.5,2545,2569.5,2527.5,12.3,-1.32
2014-11-27,2500,2516.5,2527.5,2498,7.65,-1.9
2014-11-28,2600,2510,2600,2507.5,11.45,4
2014-12-01,2640,2625,2683,2590,13.42,1.54
2014-12-02,2623.5,2600,2629,2572.5,8.31,-0.63
2014-12-03,2596,2641,2651,2581,8.9,-1.05
2014-12-04,2643,2630,2656.5,2598,9.36,1.81
2014-12-05,2677,2647,2696.5,2646.5,8,1.29
2014-12-08,2590,2685.5,2688,2586.5,10.65,-3.25
2014-12-09,2486,2550,2555,2473,14.06,-4.02
2014-12-10,2504,2483,2516.5,2455.5,10.85,0.72
2014-12-11,2464,2430,2490,2390,11.84,-1.6
2014-12-12,2440.5,2450,2475,2416,13.22,-0.95
2014-12-15,2353,2410,2416,2347,10.43,-3.59
2014-12-16,2331,2326,2374,2315.5,9.22,-0.93
2014-12-17,2365,2321,2377,2315,10.06,1.46
2014-12-18,2478.5,2415,2489,2397,14.32,4.8
2014-12-19,2446.5,2513,2522,2400,15.99,-1.29
2014-12-22,2470,2449,2479.5,2443,5.43,0.96
2014-12-24,2568.5,2528,2571.5,2514,10.91,3.99
2014-12-25,2557,2560,2566,2543.5,3.97,-0.45
2014-12-26,2550.5,2562,2579,2530,4.03,-0.25
2014-12-29,2561,2560,2567,2521,6.15,0.41
2014-12-30,2472.5,2545,2549,2472.5,6.29,-3.46
2015-01-05,2468.5,2471.5,2479,2408.5,7.63,-0.16
2015-01-06,2439.5,2399,2466,2397,7.93,-1.17
2015-01-07,2552.5,2422.5,2590.5,2421,15.64,4.63
2015-01-08,2565,2560.5,2613.5,2527.5,11.35,0.49
2015-01-09,2599,2584,2629,2576,9.55,1.33
2015-01-13,2520,2522,2524.5,2483,10.66,-3.04
2015-01-14,2433.5,2500,2557,2430,9.83,-3.43
2015-01-15,2500,2453.5,2511,2452.5,7.84,2.73
2015-01-16,2384,2426,2437.5,2351.5,15.06,-4.64
2015-01-19,2443.5,2425,2448.5,2402,7.44,2.5
2015-01-20,2462.5,2430,2466.5,2397.5,8.93,0.78
2015-01-21,2597.5,2470,2601.5,2467,17.23,5.48
2015-01-22,2610.5,2589,2656,2576,12.96,0.5
2015-01-23,2737,2650,2743.5,2620,19.84,4.85
2015-01-26,2754.5,2698,2770,2689,13.71,0.64
2015-01-27,2749,2777,2828,2719,16.04,-0.2
2015-01-28,2824,2730,2860,2710,15.43,2.73
2015-01-29,2775,2775,2836.5,2742.5,10.19,-1.74
2015-01-30,2774,2800,2829,2770.5,8.54,-0.04
2015-02-02,2698.5,2713,2748,2675.5,8.48,-2.72
2015-02-03,2697.5,2750,2764,2688.5,12.26,-0.04
2015-02-04,2769,2754,2791,2724,11.79,2.65
2015-02-05,3101.5,3040,3269,2997,71.04,12.01
2015-02-06,3138.5,3104,3198,3069.5,26.28,1.19
2015-02-09,3064,3100,3124,3035.5,13.34,-2.37
2015-02-10,3073.5,3075,3096,3025.5,9.41,0.31
2015-02-12,3231.5,3150,3249,3148,20.75,5.14
2015-02-13,3220.5,3235,3255,3198,13.27,-0.34
2015-02-16,3144,3268,3282,3143,12.55,-2.38
2015-02-17,3125,3155,3157.5,3105,9.19,-0.6
2015-02-18,3174.5,3167,3237,3141,13.08,1.58
2015-02-19,3227,3299,3300,3221,16.36,1.65
2015-02-20,3201,3250,3253,3165.5,10.25,-0.81
2015-02-23,3205.5,3235,3249,3182,8.56,0.14
2015-02-24,3276,3219.5,3277,3206.5,9.94,2.2
2015-02-25,3280,3294,3309.5,3241.5,11.53,0.12
2015-02-26,3346.5,3252,3350,3248,11.34,2.03
2015-02-27,3414.5,3340,3414.5,3316.5,24.14,2.03
2015-03-02,3345.5,3390,3400,3328,11.53,-2.02
2015-03-03,3345,3355,3383.5,3296,9.29,-0.01
2015-03-04,3325,3325,3346.5,3275,8.37,-0.6
2015-03-05,3344,3307.5,3345.5,3299,7.14,0.57
2015-03-06,3337,3351,3356,3322,7.65,-0.21
2015-03-09,3283.5,3325,3326,3275,7.47,-1.6
2015-03-10,3245,3292.5,3306.5,3210,8.76,-1.17
2015-03-11,3256.5,3200,3296,3181,8.99,0.35
2015-03-12,3262.5,3256.5,3284.5,3203.5,9.82,0.18
2015-03-13,3223,3230,3256,3200,14.77,-1.21
2015-03-16,3102,3199,3199,3093.5,14.39,-3.75
2015-03-17,3235,3111.5,3240,3040.5,17.97,4.29
2015-03-18,3410,3250,3413.5,3249.5,19.88,5.41
2015-03-19,3381,3368,3409.5,3293,14.36,-0.85
2015-03-20,3359.5,3410,3413,3351.5,8.72,-0.64
2015-03-23,3345,3390.5,3450,3335,11.17,-0.43
2015-03-24,3306.5,3307,3348.5,3262,7.94,-1.15
2015-03-25,3273,3338,3339,3246,7.31,-1.01
2015-03-26,3165,3199,3207,3159,10.27,-3.3
2015-03-27,3196.5,3198.5,3250,3157,7.87,1
2015-03-30,3210.5,3170,3242.5,3126,7.8,0.44
2015-03-31,3190,3283.5,3289,3183.5,7.73,-0.64
2015-04-01,3235,3204,3266,3195,9.6,1.41
2015-04-02,3336,3258,3379,3233.5,12.81,3.12
2015-04-03,3450,3355.5,3462.5,3343.5,14,3.42
2015-04-06,3482.5,3422.5,3512,3415,9.11,0.94
2015-04-07,3490,3550,3565,3470,8.37,0.22
2015-04-08,3525,3540,3590,3507,13.12,1
2015-04-09,3619.5,3550,3623.5,3525,13.27,2.68
2015-04-10,3677.5,3635,3700,3596,17.71,1.6
2015-04-13,3670,3677,3735.5,3636,12.63,-0.2
2015-04-14,3750,3658,3750,3628,10.51,2.18
2015-04-15,3779.5,3726,3787.5,3720,10.61,0.79
2015-04-16,3692,3795,3827.5,3674,14.46,-2.32
2015-04-17,3555.5,3645,3648.5,3547.5,13.45,-3.7
2015-04-20,3616,3550,3651.5,3530,11.23,1.7
2015-04-21,3680.5,3630,3688,3593,9.51,1.78
2015-04-22,3675.5,3676.5,3744.5,3653,9.42,-0.14
2015-04-23,3616,3800,3800,3581,20.16,-1.62
2015-04-24,3739,3677.5,3779,3634,16.49,3.4
2015-04-27,3729,3715,3744.5,3637.5,10.85,-0.27
2015-04-28,3691,3729,3731.5,3668.5,7.54,-1.02
2015-04-30,3644.5,3658.5,3714.5,3621,9.64,-1.26
2015-05-01,3628.5,3608,3636.5,3550.5,8.91,-0.44
2015-05-07,3609.5,3609.5,3615,3490,12.06,-0.52
2015-05-08,3623,3609,3656.5,3585,7.05,0.37
2015-05-11,3727,3666,3746,3655,8.92,2.87
2015-05-12,3833,3777,3843,3730,15.57,2.84
2015-05-13,3881,3785,3914.5,3756,15.05,1.25
2015-05-14,3816,3837.5,3888,3809,10.26,-1.67
2015-05-15,3892,3850.5,3896,3845,8.1,1.99
2015-05-18,3900,3914,3934,3875.5,7.99,0.21
2015-05-19,3957,3912,3970,3883,9.38,1.46
2015-05-20,3906.5,3957,3970,3896.5,9.02,-1.28
2015-05-21,3853.5,3906,3932,3850,9.06,-1.36
2015-05-22,3842,3810.5,3847.5,3762,9.02,-0.3
2015-05-25,3929.5,3869.5,3947.5,3855,8.61,2.28
2015-05-26,3908,3929.5,3936,3871.5,6.22,-0.55
2015-05-27,3828.5,3869,3892.5,3822,13.23,-2.03
2015-05-28,3837,3860,3897.5,3825,9.28,0.22
2015-05-29,3862,3856,3869,3837,8.03,0.65
2015-06-01,3822.5,3820,3834,3778,8.49,-1.02
2015-06-02,3806.5,3845,3858,3795,5.29,-0.42
2015-06-03,3754.5,3792.5,3809,3744.5,8.14,-1.37
2015-06-04,3773,3768,3811.5,3748,7.06,0.49
2015-06-05,3733.5,3733,3751,3703,6.6,-1.05
2015-06-08,3694,3768,3772,3672,6.58,-1.06
2015-06-09,3607,3652.5,3666.5,3601,7.82,-2.36
2015-06-10,3653,3610,3718,3604,8.37,1.28
2015-06-11,3759.5,3710,3789,3703.5,7.16,2.92
2015-06-12,3786.5,3800,3800,3751,7.93,0.72
2015-06-15,3815.5,3737,3823,3722,6.16,0.77
2015-06-16,3761,3791,3800.5,3750.5,5.97,-1.43
2015-06-17,3698.5,3771.5,3785,3671,6.99,-1.66
2015-06-18,3679,3695,3723.5,3665,4.43,-0.53
2015-06-19,3657,3707,3734,3657,4.98,-0.6
2015-06-22,3732,3672,3784,3668,7.21,2.05
2015-06-23,3827,3778.5,3827,3756.5,7.4,2.55
2015-06-24,3820,3837.5,3847,3796,5.55,-0.18
2015-06-25,3880,3820,3902,3811,10.52,1.57
2015-06-26,3878.5,3874.5,3905,3845.5,6.07,-0.04
2015-06-29,3773,3731,3814.5,3731,9.06,-2.72
2015-06-30,3461.5,3747,3750,3430,29.17,-8.26
2015-07-01,3472,3500,3562,3464,15.39,0.3
2015-07-02,3514.5,3521,3537,3486,9.78,1.22
2015-07-03,3503.5,3500,3513.5,3473,4.47,-0.31
2015-07-06,3422.5,3455,3470,3385,6.4,-2.31
2015-07-07,3451.5,3462.5,3524.5,3450,6.08,0.85
2015-07-08,3322,3445,3486.5,3322,8.54,-3.75
2015-07-09,3398.5,3234,3405,3228,11.45,2.3
2015-07-10,3420,3405,3478,3392.5,12.64,0.63
2015-07-13,3526.5,3500,3592.5,3496.5,16.82,3.11
2015-07-14,3485,3559,3578.5,3432,24.94,-1.18
2015-07-15,3452.5,3500,3506.5,3442,8.19,-0.93
2015-07-16,3475,3435,3475,3425,9.28,0.65
2015-07-17,3515,3485,3526,3467,7.24,1.15
2015-07-21,3579,3508,3579,3480,16.18,1.82
2015-07-22,3530.5,3509,3574.5,3508,31.98,-1.36
2015-07-23,3660.5,3569,3662.5,3560.5,15.05,3.68
2015-07-24,3694.5,3654.5,3719,3620,12.3,0.93
2015-07-27,3632,3641,3701,3622,9.4,-1.69
2015-07-28,3600,3560,3632,3515,9.8,-0.88
2015-07-29,3660,3650,3672,3590.5,8.65,1.67
2015-07-30,3585,3670,3686.5,3563.5,10.15,-2.05
2015-07-31,3533,3580,3599,3487,14.08,-1.45
2015-08-03,3466,3550,3565,3453,10.76,-1.9
2015-08-04,3418,3440,3508.5,3381,10.07,-1.38
2015-08-05,3355,3445,3458.5,3331.5,10.64,-1.84
2015-08-06,3338,3414,3439.5,3331.5,10.96,-0.51
2015-08-07,3348,3325,3370.5,3301.5,9.37,0.3
2015-08-10,3358,3330,3358.5,3303,5.4,0.3
2015-08-11,3454.5,3415,3491,3408,10.47,2.87
2015-08-12,3343,3467.5,3467.5,3315.5,9.42,-3.23
2015-08-13,3366.5,3330,3397,3327.5,6.1,0.7
2015-08-14,3366.5,3360,3390,3360,4.12,0
2015-08-17,3323,3390,3391.5,3303,5.59,-1.29
2015-08-18,3366,3328,3389,3323.5,4.3,1.29
2015-08-19,3331.5,3351,3407,3327.5,5.23,-1.02
2015-08-20,3230,3304.5,3321,3230,8.7,-3.05
2015-08-21,3090,3090,3164,3060.5,11.5,-4.33
2015-08-24,2843.5,3000,3025,2814,18.03,-7.98
2015-08-25,2834.5,2730,3020.5,2713,21.15,-0.32
2015-08-26,2963,2900,2998,2841,14.85,4.53
2015-08-27,3051.5,3083,3136,3043.5,13.09,2.99
2015-08-28,3169.5,3160,3194.5,3111,9.75,3.87
2015-08-31,3162,3130,3229.5,3091.5,10.16,-0.24
2015-09-01,3051,3123.5,3180.5,3051,10.17,-3.51
2015-09-02,3020,2981,3088,2945,8.54,-1.02
2015-09-03,3026.5,3082.5,3115.5,3022,6.36,0.22
2015-09-04,2966,3070,3081,2912,9.26,-2
2015-09-07,2961,2941,2992,2880,6.28,-0.17
2015-09-08,2867.5,2952,2973,2851.5,6.19,-3.16
2015-09-09,3113.5,3017.5,3113.5,2987.5,11.44,8.58
2015-09-10,3133,3020,3163.5,3003,10.75,0.63
2015-09-11,3179.5,3094.5,3225,3084,11.6,1.48
2015-09-14,3116.5,3190.5,3200,3103,5.63,-1.98
2015-09-15,3060,3115,3154.5,3060,7.72,-1.81
2015-09-16,3096,3107.5,3168,3080,6.58,1.18
2015-09-17,3224.5,3144.5,3241,3143,9.1,4.15
2015-09-18,3115,3191,3214.5,3114,8.6,-3.4
2015-09-20,3121,3121,3121,3121,-,0.19
2015-09-24,3030,3022,3082,3022,7.2,-2.92
2015-09-25,3106,3027,3113,2974,8.25,2.51
2015-09-28,2995.5,3030,3055,2964,8.52,-3.56
2015-09-29,2753.5,2900,2900,2742,13.53,-8.08
2015-09-30,2898.5,2853.5,2928,2840,12.7,5.27
2015-10-01,2996,2919,3035,2912.5,12.21,3.36
2015-10-02,3094,2962.5,3120,2950.5,9.63,3.27
2015-10-05,3142,3122,3204,3117,8.81,1.55
2015-10-06,3156,3200,3220,3145,6.43,0.45
2015-10-07,3205,3159,3216,3144,6.16,1.55
2015-10-08,3153,3234,3260,3134,7.27,-1.62
2015-10-09,3211,3159,3213,3123,7.94,1.84
2015-10-13,3204,3217,3266,3195,5.74,-0.22
2015-10-14,3129,3160,3175,3105,6.45,-2.34
2015-10-15,3181,3078,3182,3053,5.76,1.66
2015-10-16,3250,3233,3272,3213,6.24,2.17
2015-10-19,3266,3280,3309,3236,6.37,0.49
2015-10-20,3270,3290,3294,3262,3.84,0.12
2015-10-21,3414,3311,3427,3293,10.02,4.4
2015-10-22,3400,3402,3430,3386,6.64,-0.41
2015-10-23,3420,3487,3490,3420,7.33,0.59
2015-10-26,3507,3506,3568,3498,10.16,2.54
2015-10-27,3424,3472,3477,3393,7.49,-2.37
2015-10-28,3435,3428,3457,3405,6.86,0.32
2015-10-29,3466,3502,3520,3453,8.2,0.9
2015-10-30,3480,3413,3534,3371,12.58,0.4
2015-11-02,3433,3416,3462,3410,6.54,-1.35
2015-11-04,3437,3499,3507,3428,7.28,0.12
2015-11-05,3440,3474,3483,3424,4.51,0.09
2015-11-06,3404,3448,3458,3381,6.01,-1.05
2015-11-09,3478,3448,3495,3426,7.04,2.17
2015-11-10,3463,3439,3469,3427,4.15,-0.43
2015-11-11,3497,3469,3498,3451,5.54,0.98
2015-11-12,3478,3507,3525,3445,5.3,-0.54
2015-11-13,3387,3428,3447,3381,8.21,-2.62
2015-11-16,3319,3297,3339,3286,5.17,-2.01
2015-11-17,3280,3357,3367,3274,9.82,-1.18
2015-11-18,3286,3312,3324,3278,6.09,0.18
2015-11-19,3297,3334,3335,3283,5.69,0.33
2015-11-20,3285,3277,3285,3211,8.12,-0.36
2015-11-24,3307,3276,3325,3268,6.33,0.67
2015-11-25,3245,3299,3309,3240,5.55,-1.87
2015-11-26,3240,3290,3295,3231,5.94,-0.15
2015-11-27,3264,3285,3285,3248,5.86,0.74
2015-11-30,3177,3231,3243,3147,10.11,-2.67
2015-12-01,3227,3201,3259,3183,7.43,1.57
2015-12-02,3168,3144,3204,3144,8.08,-1.83
2015-12-03,3167,3135,3181,3128,7.74,-0.03
2015-12-04,3091,3110,3121,3070,11.23,-2.4
2015-12-07,3129,3123,3159,3123,5.89,1.23
2015-12-08,3078,3112,3132,3065,5.55,-1.63
2015-12-09,3027,3033,3065,3006,7.52,-1.66
2015-12-10,3005,2995,3015,2980,7.14,-0.73
2015-12-11,3041,2990,3088,2990,10.35,1.2
2015-12-14,3016,2950,3024,2947,11.26,-0.82
2015-12-15,2950.5,2991.5,3000,2947.5,9.81,-2.17
2015-12-16,3007,3001,3026,2990.5,11.61,1.91
2015-12-17,3078,3115,3153,3076,13.78,2.36
2015-12-18,2998.5,3077,3117,2996,13.71,-2.58
2015-12-21,2943,2951,2966,2887,11.75,-1.85
2015-12-22,2913,2950.5,2952,2907.5,7.48,-1.02
2015-12-24,2950,3000,3009,2939.5,13.14,1.27
2015-12-25,2933.5,2928.5,2945.5,2911,5.39,-0.56
2015-12-28,2983,2945,2989,2918.5,5.17,1.69
2015-12-29,2978,2970,2985.5,2942.5,5.32,-0.17
2015-12-30,3002,2986.5,3035,2980.5,5.8,0.81
2016-01-04,2957,2958,3066,2940,14.33,-1.5
2016-01-05,2962.5,2980,2999,2930,8.02,0.19
2016-01-06,2897.5,3013,3014,2862,13.99,-2.19
2016-01-07,2796.5,2797.5,2834,2751,20.92,-3.49
2016-01-08,2824.5,2755,2895,2745.5,13.97,1
2016-01-12,2675,2749,2772.5,2667.5,16.19,-5.29
2016-01-13,2750,2720,2780,2700,10.76,2.8
2016-01-14,2622,2613,2633.5,2575,14.73,-4.65
2016-01-15,2582.5,2626.5,2649,2562,10.15,-1.51
2016-01-18,2622.5,2532.5,2636,2525,12.27,1.55
2016-01-19,2666.5,2592.5,2673,2583,8.69,1.68
2016-01-20,2454,2589,2601,2451,20.4,-7.97
2016-01-21,2430.5,2500.5,2577.5,2430,16.57,-0.96
2016-01-22,2528.5,2530.5,2540,2474,16.3,4.03
2016-01-25,2538,2565.5,2569.5,2508.5,12.26,0.38
2016-01-26,2430,2472,2477,2426.5,11.74,-4.26
2016-01-27,2512,2482,2523.5,2478,12.79,3.37
2016-01-28,2378,2442,2468,2361,17.25,-5.33
2016-01-29,2523,2395,2530,2380,20.81,6.1
2016-02-01,2836,2923,2924,2700,32.25,12.41
2016-02-02,2692.5,2779,2812,2662,18.57,-5.06
2016-02-03,2623.5,2626,2654.5,2610,15.92,-2.56
2016-02-04,2620.5,2600,2657,2600,10.37,-0.11
2016-02-05,2615,2592,2638.5,2580.5,8.59,-0.21
2016-02-08,2569,2560,2592,2515,10.8,-1.76
2016-02-09,2388.5,2424,2444,2356.5,13.67,-7.03
2016-02-10,2341,2389.5,2498,2300,14.56,-1.99
2016-02-12,2257,2242.5,2337.5,2199,18.05,-3.59
2016-02-15,2447,2370,2476.5,2358,13.35,8.42
2016-02-16,2483.5,2400,2529.5,2382,10.94,1.49
2016-02-17,2481,2483.5,2588,2436.5,13.23,-0.1
2016-02-18,2569,2600,2609.5,2557,10.36,3.55
2016-02-19,2503.5,2530.5,2535,2477,8.78,-2.55
2016-02-22,2488,2471,2518.5,2443,6.1,-0.62
2016-02-23,2435.5,2507.5,2510,2409,10.33,-2.11
2016-02-24,2398.5,2386,2451.5,2359.5,8.57,-1.52
2016-02-25,2383,2396,2420.5,2352.5,9.59,-0.65
2016-02-26,2387,2415,2440,2385,8.08,0.17
2016-02-29,2387,2440,2485,2385.5,9.76,0
2016-03-01,2367.5,2372,2389.5,2313.5,8.58,-0.82
2016-03-02,2491.5,2470,2513,2440.5,11.08,5.24
2016-03-03,2520,2460,2545,2426.5,10.84,1.14
2016-03-04,2592.5,2520,2594.5,2514.5,8.97,2.88
2016-03-07,2614.5,2605.5,2629.5,2576,9.52,0.85
2016-03-08,2569.5,2588,2620,2511,8.29,-1.72
2016-03-09,2632,2548,2637,2521.5,11.01,2.43
2016-03-10,2743.5,2659.5,2754,2658,13.18,4.24
2016-03-11,2752.5,2687.5,2770,2684.5,11.3,0.33
2016-03-14,2798.5,2800,2851.5,2782,9.63,1.67
2016-03-15,2794,2791,2828.5,2762,8.7,-0.16
2016-03-16,2883,2816.5,2915,2815,15.75,3.19
2016-03-17,2923,2921.5,2997,2896,17.87,1.39
2016-03-18,2936,2940,2954.5,2886,9.85,0.44
2016-03-22,2937,2980,2989,2887,9.05,0.03
2016-03-23,2910,2944.5,2973,2902,6.75,-0.92
2016-03-24,2863,2867.5,2924,2823.5,9.63,-1.62
2016-03-25,2896,2885,2914.5,2861,5.55,1.15
2016-03-28,2924,2898,2924,2870,6.17,0.97
2016-03-29,2943.5,2897,2943.5,2890,7.19,0.67
2016-03-30,2873,2943,2954,2868.5,7.28,-2.4
2016-03-31,2893,2900,2943.5,2889,7.37,0.7
2016-04-01,2762.5,2855,2863.5,2751.5,11.58,-4.51
2016-04-04,2860.5,2750,2875.5,2745,11.19,3.55
2016-04-05,2882.5,2852,2926.5,2846.5,13.63,0.77
2016-04-06,2850,2850,2892.5,2834,7.44,-1.13
2016-04-07,2820,2811,2853,2796.5,10.05,-1.05
2016-04-08,2858.5,2750,2895,2744,11.68,1.37
2016-04-11,2965,2840,2970,2823.5,13.96,3.73
2016-04-12,3032,2931,3045,2927,14.37,2.26
2016-04-13,3020,3041,3069,2956,14.39,-0.4
2016-04-14,3032,3050,3060,3010,10.72,0.4
2016-04-15,2935,2995,3004,2924.5,13.87,-3.2
2016-04-18,2736,2785,2819,2707,17.39,-6.78
2016-04-19,2913.5,2886,2934,2863,11.91,6.49
2016-04-20,3027,2951,3035,2951,14.58,3.9
2016-04-21,3070,3058,3074,3032,9.67,1.42
2016-04-22,3017,2961,3020,2943.5,16.48,-1.73
2016-04-25,2835.5,2955,2963.5,2821,18.24,-6.02
2016-04-26,2850,2838,2880.5,2825.5,9.13,0.51
2016-04-27,2837,2839,2850,2812,5.84,-0.46
2016-04-28,2778,2840,2894.5,2756,10.73,-2.08
2016-05-02,2666.5,2606,2689.5,2596.5,12.92,-4.01
2016-05-06,2563.5,2600,2606,2541,14.83,-3.86
2016-05-09,2603.5,2593.5,2657,2567.5,8.16,1.56
2016-05-10,2681.5,2623,2696,2611,9,3
2016-05-11,2730,2750,2777.5,2710,10.42,1.81
2016-05-12,2850,2700,2854,2681,14.66,4.4
2016-05-13,2897,2875,2914.5,2856.5,16.66,1.65
2016-05-16,2860,2859,2895.5,2818.5,8.62,-1.28
2016-05-17,2863.5,2866,2894,2810,6.92,0.12
2016-05-18,2944,2890,2957,2860,12.02,2.81
2016-05-19,2882.5,2966,2976,2860.5,7.57,-2.09
2016-05-20,2917,2880,2934.5,2876.5,6.41,1.2
2016-05-23,2903.5,2917,2939,2873.5,8.39,-0.46
2016-05-24,2885.5,2890,2901,2842.5,8.21,-0.62
2016-05-25,3072,3047,3095,3026,22.78,6.46
2016-05-26,3072,3104,3119,3045,11.89,0
2016-05-27,3078,3092,3092,3048,6,0.2
2016-05-30,3082,3094,3097,3063,4.53,0.13
2016-05-31,3100,3068,3111,3053,6.83,0.58
2016-06-01,3073,3105,3107,3049,7.18,-0.87
2016-06-02,3023,3052,3079,3022,6.59,-1.63
2016-06-03,3072,3036,3097,3036,7.01,1.62
2016-06-06,3085,3000,3088,2995,6.53,0.42
2016-06-07,3102,3113,3122,3085,5.34,0.55
2016-06-08,3117,3118,3119,3065,5.77,0.48
2016-06-09,3074,3109,3119,3057,4.49,-1.38
2016-06-10,3051,3077,3099,3034,7.25,-0.75
2016-06-13,2930,2999,3009,2921,8.19,-3.97
2016-06-14,2941,2919,2970.5,2889,10.27,0.38
2016-06-15,2975,2940,2991.5,2921.5,8.39,1.16
2016-06-16,2879.5,2975.5,2989,2872,12.62,-3.21
2016-06-17,2899,2937,2961,2874.5,8.88,0.68
2016-06-20,2987.5,2963,3016,2943,7.46,3.05
2016-06-21,3060,2942,3074,2938,7.48,2.43
2016-06-22,3004,3028,3033,2990,7.33,-1.83
2016-06-23,3017,3014,3020,2993.5,5.22,0.43
2016-06-24,2775.5,3044,3052,2700,18.72,-8
2016-06-27,2782,2810,2818,2755,7.76,0.23
2016-06-28,2825.5,2755,2858,2750.5,8.8,1.56
2016-06-29,2962,2916,2976.5,2892.5,13.25,4.83
2016-06-30,2988,3039,3087,2988,11.92,0.88
2016-07-01,3007,3025,3046,2990,6.98,0.64
2016-07-04,3038,3018,3059,2992.5,5.52,1.03
2016-07-05,3036,3039,3047,2994,5.42,-0.07
2016-07-06,3029,2987,3029,2953,9.07,-0.23
2016-07-07,3034,3045,3088,3021,7.19,0.17
2016-07-08,3013,3039,3066,3007,7.53,-0.69
2016-07-11,3133,3077,3163,3061,11.31,3.98
2016-07-12,3141,3170,3180,3104,10.55,0.26
2016-07-13,3074,3180,3207,3067,12.14,-2.13
2016-07-14,3162,3100,3162,3094,7.75,2.86
2016-07-15,3179,3190,3224,3160,9.31,0.54
2016-07-19,3236,3218,3259,3190,11.31,1.79
2016-07-20,3232,3239,3256,3205,5.8,-0.12
2016-07-21,3213,3272,3285,3203,7.17,-0.59
2016-07-22,3196,3183,3228,3176,6.68,-0.53
2016-07-25,3160,3200,3224,3156,4.57,-1.13
2016-07-26,3160,3142,3181,3115,4.9,0
2016-07-27,3226,3185,3259,3178,6.24,2.09
2016-07-28,3192,3200,3214,3165,4.98,-1.05
2016-07-29,3282,3250,3282,3190,10.99,2.82
2016-08-01,3339,3350,3397,3331,10.5,1.74
2016-08-02,3323,3320,3354,3297,6.44,-0.48
2016-08-03,3268,3276,3308,3260,6.29,-1.66
2016-08-04,3279,3285,3313,3240,5.12,0.34
2016-08-05,3293,3309,3330,3284,4.59,0.43
2016-08-08,3297,3341,3341,3269,4.97,0.12
2016-08-09,3374,3304,3375,3288,6.11,2.34
2016-08-10,3373,3385,3396,3355,5.5,-0.03
2016-08-12,3349,3372,3377,3331,5.08,-0.71
2016-08-15,3300,3350,3350,3286,4.55,-1.46
2016-08-16,3295,3307,3345,3292,5.98,-0.15
2016-08-17,3253,3283,3308,3206,6.8,-1.27
2016-08-18,3270,3222,3325,3200,6.54,0.52
2016-08-19,3273,3302,3303,3249,3.99,0.09
2016-08-22,3319,3276,3329,3274,3.99,1.41
2016-08-23,3302,3313,3329,3279,4.57,-0.51
2016-08-24,3373,3335,3385,3325,6.7,2.15
2016-08-25,3371,3343,3382,3331,5.72,-0.06
2016-08-26,3331,3380,3380,3330,4.7,-1.19
2016-08-29,3347,3369,3384,3335,5.33,0.48
2016-08-30,3326,3352,3354,3311,3.61,-0.63
2016-08-31,3325,3350,3360,3321,6.2,-0.03
2016-09-01,3300,3327,3332,3293,5.03,-0.75
2016-09-02,3350,3304,3363,3297,5.37,1.52
2016-09-05,3401,3398,3445,3380,7.05,1.52
2016-09-06,3435,3402,3450,3402,5.25,1
2016-09-07,3437,3417,3445,3410,5.01,0.06
2016-09-08,3411,3437,3440,3386,5.13,-0.76
2016-09-09,3389,3411,3411,3371,4.9,-0.64
2016-09-12,3287,3300,3336,3271,6.55,-3.01
2016-09-13,3337,3316,3382,3310,5.35,1.52
2016-09-14,3319,3300,3336,3291,4.04,-0.54
2016-09-15,3279,3291,3312,3266,4.35,-1.21
2016-09-16,3270,3297,3298,3263,3.91,-0.27
2016-09-20,3320,3277,3374,3274,6.59,1.53
2016-09-21,3373,3315,3374,3275,7.09,1.6
2016-09-23,3400,3400,3429,3390,6.38,0.8
2016-09-26,3381,3398,3410,3367,4.2,-0.56
2016-09-27,3378,3300,3380,3300,6.18,-0.09
2016-09-28,3368,3387,3390,3343,4.24,-0.3
2016-09-29,3383,3372,3403,3348,4.95,0.45
2016-09-30,3293,3340,3347,3293,7.1,-2.66
2016-10-03,3335,3333,3343,3312,4.25,1.28
2016-10-04,3371,3352,3378,3345,3.71,1.08
2016-10-05,3392,3380,3392,3349,3.97,0.62
2016-10-06,3385,3418,3419,3380,3.86,-0.21
2016-10-07,3350,3400,3400,3341,4.64,-1.03
2016-10-11,3414,3400,3436,3388,7.25,1.91
2016-10-12,3384,3383,3399,3368,4.27,-0.88
2016-10-13,3428,3421,3472,3415,8.52,1.3
2016-10-14,3439,3485,3493,3432,8.96,0.32
2016-10-17,3426,3439,3450,3389,5.24,-0.38
2016-10-18,3472,3433,3472,3421,6.58,1.34
2016-10-19,3402,3469,3475,3402,5.69,-2.02
2016-10-20,3403,3390,3422,3375,6.1,0.03
2016-10-21,3321,3387,3392,3306,9.67,-2.41
2016-10-24,3318,3335,3337,3308,5.14,-0.09
2016-10-25,3330,3332,3335,3305,5.06,0.36
2016-10-26,3325,3312,3328,3284,4.18,-0.15
2016-10-27,3302,3298,3326,3291,4.07,-0.69
2016-10-28,3300,3316,3320,3280,5.7,-0.06
2016-10-31,3361,3305,3364,3296,6.11,1.85
2016-11-01,3337,3291,3339,3282,7.52,-0.71
2016-11-02,3265,3280,3297,3251,9.09,-2.16
2016-11-04,3175,3200,3204,3131,8.52,-2.76
2016-11-07,3149,3219,3224,3136,8.25,-0.82
2016-11-08,3185,3163,3192,3160,4.66,1.14
2016-11-09,3023,3210,3219,2930,14.73,-5.09
2016-11-10,3207,3260,3260,3170,10.34,6.09
2016-11-11,3199,3208,3225,3178,8.51,-0.25
2016-11-14,3261,3228,3265,3215,6.58,1.94
2016-11-15,3203,3225,3227,3172,7.21,-1.78
2016-11-16,3206,3220,3231,3198,5.06,0.09
2016-11-17,3226,3193,3228,3177,4.32,0.62
2016-11-18,3235,3227,3247,3211,6.15,0.28
2016-11-21,3300,3260,3303,3256,6.25,2.01
2016-11-22,3355,3322,3360,3317,7.93,1.67
2016-11-24,3334,3360,3366,3333,6.68,-0.63
2016-11-25,3328,3337,3359,3306,6.75,-0.18
2016-11-28,3323,3275,3329,3273,4.87,-0.15
2016-11-29,3311,3278,3317,3278,3.76,-0.36
2016-11-30,3288,3316,3330,3274,5.15,-0.69
2016-12-01,3249,3300,3307,3243,9.32,-1.19
2016-12-02,3168,3181,3191,3136,11.23,-2.49
2016-12-05,3160,3167,3191,3146,6.74,-0.25
2016-12-06,3190,3210,3216,3180,5.47,0.95
2016-12-07,3199,3209,3213,3192,4.92,0.28
2016-12-08,3261,3231,3280,3210,11.35,1.94
2016-12-09,3368,3285,3381,3275,15.25,3.28
2016-12-12,3366,3389,3390,3334,6.95,-0.06
2016-12-13,3378,3333,3393,3325,6.18,0.36
2016-12-14,3372,3378,3394,3360,5.84,-0.18
2016-12-15,3373,3390,3394,3358,5.39,0.03
2016-12-16,3347,3400,3414,3338,7.18,-0.77
2016-12-19,3381,3383,3404,3375,5,1.02
2016-12-20,3362,3365,3376,3332,4.36,-0.56
2016-12-21,3336,3380,3385,3335,5.09,-0.77
2016-12-22,3342,3347,3352,3322,3.69,0.18
2016-12-26,3333,3351,3365,3331,2.83,-0.27
2016-12-27,3324,3320,3336,3308,3.13,-0.27
2016-12-28,3338,3322,3368,3320,3.89,0.42
2016-12-29,3299,3331,3333,3266,4.46,-1.17
2016-12-30,3275,3311,3311,3262,3.34,-0.73
2017-01-04,3333,3305,3333,3274,5.91,1.77
2017-01-05,3296,3335,3337,3269,7.2,-1.11
2017-01-06,3316,3328,3374,3311,8.87,0.61
2017-01-10,3394,3345,3439,3344,11.46,2.35
2017-01-11,3510,3464,3550,3462,13.62,3.42
2017-01-12,3532,3524,3562,3500,10.79,0.63
2017-01-13,3549,3531,3549,3499,6.29,0.48
2017-01-16,3514,3517,3555,3504,4.66,-0.99
2017-01-17,3504,3514,3570,3491,8.67,-0.28
2017-01-18,3484,3450,3496,3433,5.92,-0.57
2017-01-19,3498,3525,3525,3467,4.82,0.4
2017-01-20,3472,3488,3493,3456,5.14,-0.74
2017-01-23,3432,3472,3473,3418,4.64,-1.15
2017-01-24,3418,3443,3470,3410,5.3,-0.41
2017-01-25,3445,3465,3472,3421,4.18,0.79
2017-01-26,3520,3500,3525,3485,7.16,2.18
2017-01-27,3505,3530,3540,3488,4.83,-0.43
2017-01-30,3502,3478,3506,3463,4.48,-0.09
2017-01-31,3423,3362,3453,3362,11.08,-2.26
2017-02-01,3410,3351,3423,3351,5.79,-0.38
2017-02-02,3369,3420,3435,3352,4.92,-1.2
2017-02-03,3537,3537,3600,3507,18.52,4.99
2017-02-06,3589,3585,3610,3572,8.77,1.47
2017-02-07,3599,3619,3626,3591,7.35,0.28
2017-02-08,3573,3585,3588,3550,4.48,-0.72
2017-02-09,3561,3564,3589,3542,4.21,-0.34
2017-02-10,3590,3604,3608,3575,4.91,0.81
2017-02-13,3587,3606,3616,3568,4.15,-0.08
2017-02-14,3572,3607,3607,3569,3.72,-0.42
2017-02-15,3595,3604,3604,3575,3.48,0.64
2017-02-16,3560,3600,3600,3538,5.84,-0.97
2017-02-17,3547,3527,3562,3516,3.38,-0.37
2017-02-20,3508,3526,3531,3501,3.88,-1.1
2017-02-21,3521,3517,3532,3491,2.66,0.37
2017-02-22,3535,3569,3591,3526,5.13,0.4
2017-02-23,3515,3513,3525,3500,3.18,-0.57
2017-02-24,3486,3514,3525,3482,3.58,-0.83
2017-02-27,3454,3442,3475,3430,3.89,-0.92
2017-02-28,3478,3473,3532,3473,5.95,0.69
2017-03-01,3529,3491,3542,3490,4.23,1.47
2017-03-02,3583,3593,3614,3568,5.83,1.53
2017-03-03,3602,3620,3649,3589,6.4,0.53
2017-03-06,3560,3588,3596,3552,3.44,-1.17
2017-03-07,3522,3534,3540,3511,4.36,-1.07
2017-03-08,3513,3512,3519,3481,3.71,-0.26
2017-03-09,3532,3531,3545,3524,3.22,0.54
2017-03-10,3661,3630,3664,3613,11.68,3.65
2017-03-13,3659,3638,3665,3617,5.24,-0.05
2017-03-14,3635,3650,3657,3620,3.91,-0.66
2017-03-15,3604,3601,3609,3585,3.64,-0.85
2017-03-16,3619,3581,3626,3581,5.15,0.42
2017-03-17,3639,3614,3655,3604,5.52,0.55
2017-03-21,3627,3650,3653,3613,3.81,-0.33
2017-03-22,3553,3580,3591,3545,6.35,-2.04
2017-03-23,3540,3557,3573,3522,4.28,-0.37
2017-03-24,3603,3538,3622,3527,5.79,1.78
2017-03-27,3577,3569,3594,3555,5.32,-0.72
2017-03-28,3605,3581,3610,3581,5.91,0.78
2017-03-29,3704,3630,3721,3629,11.16,2.75
2017-03-30,3734,3712,3737,3710,7.94,0.81
2017-03-31,3766,3750,3792,3747,12.48,0.86
2017-04-03,3664,3725,3728,3646,10.38,-2.71
2017-04-04,3674,3657,3706,3638,6.62,0.27
2017-04-05,3655,3670,3701,3628,5.95,-0.52
2017-04-06,3555,3600,3620,3541,7.08,-2.74
2017-04-07,3547,3580,3580,3515,6.62,-0.23
2017-04-10,3553,3546,3566,3533,3.42,0.17
2017-04-11,3532,3546,3548,3507,3.62,-0.59
2017-04-12,3458,3460,3477,3423,5.43,-2.1
2017-04-13,3446,3422,3456,3405,4.69,-0.35
2017-04-14,3422,3453,3459,3412,3.68,-0.7
2017-04-17,3453,3408,3473,3402,4.3,0.91
2017-04-18,3456,3468,3494,3448,3.39,0.09
2017-04-19,3506,3461,3523,3459,6.24,1.45
2017-04-20,3571,3488,3604,3482,9.11,1.85
2017-04-21,3592,3600,3608,3565,6.77,0.59
2017-04-24,3730,3740,3758,3713,13.3,3.84
2017-04-25,3715,3718,3737,3695,7.52,-0.4
2017-04-26,3742,3744,3748,3709,6.75,0.73
2017-04-27,3762,3748,3797,3737,7.04,0.53
2017-04-28,3759,3775,3782,3735,5.24,-0.08
2017-05-01,3873,3820,3898,3814,11.27,3.03
2017-05-02,3853,3860,3875,3830,6.54,-0.52
2017-05-08,3989,3910,3998,3901,12.74,3.53
2017-05-09,4024,3991,4080,3989,10.81,0.88
2017-05-10,4081,4049,4088,4042,7.72,1.42
2017-05-11,4073,4083,4091,4054,5.25,-0.2
2017-05-12,4046,4055,4061,4025,5.59,-0.66
2017-05-15,4005,4006,4023,3983,5.7,-1.01
2017-05-16,4023,4037,4055,4015,4.24,0.45
2017-05-17,4033,4040,4055,4017,4.76,0.25
2017-05-18,3942,3950,3991,3931,7.59,-2.26
2017-05-19,3937,3940,3976,3931,7.78,-0.13
2017-05-22,3943,3976,3981,3908,6.06,0.15
2017-05-23,3957,3949,3979,3934,4.59,0.36
2017-05-24,3998,4026,4057,3987,7.26,1.04
2017-05-25,4001,4003,4012,3979,4,0.08
2017-05-26,4009,4029,4032,4001,4.22,0.2
2017-05-29,4038,4035,4075,4025,4.62,0.72
2017-05-30,4031,4038,4040,3970,4.57,-0.17
2017-05-31,4034,4050,4068,4031,4.53,0.07
2017-06-01,4029,4000,4032,3992,5.74,-0.12
2017-06-02,4159,4051,4159,4050,11.34,3.23
2017-06-05,4174,4159,4186,4125,6.02,0.36
2017-06-06,4167,4195,4195,4147,5.98,-0.17
2017-06-07,4126,4156,4160,4087,8.2,-0.98
2017-06-08,4116,4161,4181,4106,6.26,-0.24
2017-06-09,4116,4123,4146,4091,7.16,0
2017-06-12,4066,4033,4069,4021,5.29,-1.21
2017-06-13,4037,4066,4068,4025,4.5,-0.71
2017-06-14,4060,4085,4105,4060,4.39,0.57
2017-06-15,4138,4062,4147,4060,6.74,1.92
2017-06-16,4137,4125,4148,4110,5.49,-0.02
2017-06-19,4290,4148,4291,4135,10.81,3.7
2017-06-20,4278,4321,4344,4277,6.88,-0.28
2017-06-21,4228,4275,4277,4210,6.77,-1.17
2017-06-22,4276,4261,4313,4249,6.49,1.14
2017-06-23,4275,4299,4307,4270,4.53,-0.02
2017-06-26,4298,4279,4324,4278,3.74,0.54
2017-06-27,4349,4349,4352,4312,5.64,1.19
2017-06-28,4328,4320,4339,4296,6.91,-0.48
2017-06-29,4365,4377,4408,4351,5.09,0.85
2017-06-30,4286,4281,4304,4267,7.26,-1.81
2017-07-03,4310,4306,4337,4288,4.16,0.56
2017-07-04,4237,4328,4340,4225,6.06,-1.69
2017-07-05,4270,4220,4271,4195,5.32,0.78
2017-07-06,4259,4271,4275,4231,6.2,-0.26
2017-07-07,4245,4200,4250,4196,5.54,-0.33
2017-07-10,4318,4305,4337,4290,5.45,1.72
2017-07-11,4439,4361,4446,4357,9.7,2.8
2017-07-12,4477,4436,4479,4420,6.93,0.86
2017-07-13,4478,4499,4528,4466,5.99,0.02
2017-07-14,4499,4515,4532,4494,4.29,0.47
2017-07-18,4505,4517,4517,4472,4,0.13
2017-07-19,4497,4489,4503,4480,3.7,-0.18
2017-07-20,4534,4515,4554,4511,4.55,0.82
2017-07-21,4539,4535,4542,4516,3.66,0.11
2017-07-24,4485,4480,4493,4452,5.02,-1.19
2017-07-25,4467,4480,4499,4456,3.37,-0.4
2017-07-26,4524,4495,4524,4475,4.81,1.28
2017-07-27,4594,4545,4616,4537,7.36,1.55
2017-07-28,4533,4568,4588,4517,5.66,-1.33
2017-07-31,4540,4510,4567,4494,4.62,0.15
2017-08-01,4459,4510,4547,4452,6.4,-1.78
2017-08-02,4417,4427,4528,4333,14.09,-0.94
2017-08-03,4419,4413,4436,4367,6.81,0.05
2017-08-04,4434,4414,4436,4401,3.12,0.34
2017-08-07,4410,4450,4452,4410,3.47,-0.54
2017-08-08,4472,4445,4500,4439,5.79,1.41
2017-08-09,4402,4460,4491,4391,6.34,-1.57
2017-08-10,4338,4397,4404,4324,6.59,-1.45
2017-08-14,4257,4201,4286,4195,9.64,-1.87
2017-08-15,4299,4300,4347,4284,5.56,0.99
2017-08-16,4325,4299,4332,4286,4.2,0.6
2017-08-17,4328,4330,4349,4320,3.8,0.07
2017-08-18,4226,4251,4271,4225,5.54,-2.36
2017-08-21,4183,4220,4235,4159,5.92,-1.02
2017-08-22,4191,4183,4233,4175,5.07,0.19
2017-08-23,4237,4234,4255,4227,4.95,1.1
2017-08-24,4168,4214,4224,4168,5.41,-1.63
2017-08-25,4199,4175,4219,4169,3.72,0.74
2017-08-28,4191,4205,4221,4174,3.39,-0.19
2017-08-29,4200,4176,4212,4165,4.45,0.21
2017-08-30,4321,4250,4336,4239,18.51,2.88
2017-08-31,4337,4354,4388,4323,7.32,0.37
2017-09-01,4376,4371,4393,4352,4.86,0.9
2017-09-04,4373,4365,4374,4328,4.09,-0.07
2017-09-05,4310,4377,4377,4257,5.74,-1.44
2017-09-06,4283,4250,4322,4242,4.06,-0.63
2017-09-07,4258,4283,4292,4243,4.37,-0.58
2017-09-08,4298,4296,4345,4275,7.34,0.94
2017-09-11,4470,4365,4475,4362,8.58,4
2017-09-12,4418,4460,4470,4384,7.29,-1.16
2017-09-13,4381,4432,4438,4378,4.51,-0.84
2017-09-14,4230,4350,4350,4221,11.32,-3.45
2017-09-15,4241,4200,4254,4196,7.99,0.26
2017-09-19,4294,4311,4318,4275,6.73,1.25
2017-09-20,4243,4200,4248,4188,8.68,-1.19
2017-09-21,4193,4250,4256,4188,7.04,-1.18
2017-09-22,4174,4220,4220,4149,5.16,-0.45
2017-09-25,4184,4200,4206,4175,4.37,0.24
2017-09-26,4099,4114,4124,4086,7.12,-2.03
2017-09-27,4074,4100,4101,4067,5.24,-0.61
2017-09-28,4120,4116,4122,4089,5.55,1.13
2017-09-29,4186,4150,4196,4145,6.52,1.6
2017-10-02,4184,4190,4195,4164,3.4,-0.05
2017-10-03,4219,4220,4253,4197,5.19,0.84
2017-10-04,4217,4231,4232,4197,4.13,-0.05
2017-10-05,4139,4200,4212,4124,8.03,-1.85
2017-10-06,4151,4150,4184,4147,5.61,0.29
2017-10-10,4124,4151,4152,4095,6.16,-0.65
2017-10-11,4100,4080,4100,4039,8.13,-0.58
2017-10-12,4062,4100,4105,4049,7.83,-0.93
2017-10-13,4113,4070,4127,4040,9.5,1.26
2017-10-16,4160,4140,4177,4134,6.84,1.14
2017-10-17,4154,4176,4187,4125,5.82,-0.14
2017-10-18,4226,4171,4240,4169,7.38,1.73
2017-10-19,4225,4250,4265,4216,5.64,-0.02
2017-10-20,4237,4215,4242,4198,4.49,0.28
2017-10-23,4277,4290,4298,4268,5.89,0.94
2017-10-24,4279,4260,4281,4243,4.16,0.05
2017-10-25,4240,4296,4297,4227,5.27,-0.91
2017-10-26,4270,4240,4277,4231,4.57,0.71
2017-10-27,4279,4300,4317,4260,8.24,0.21
2017-10-30,4310,4310,4352,4284,10.22,0.72
2017-10-31,4413,4359,4428,4343,10.91,2.39
2017-11-01,4918,4900,4959,4812,40.68,11.44
2017-11-02,5054,4967,5092,4963,21.34,2.77
2017-11-06,5222,5100,5249,5099,21.05,3.32
2017-11-07,5261,5228,5328,5216,17.26,0.75
2017-11-08,5410,5266,5485,5239,19.3,2.83
2017-11-09,5226,5470,5470,5173,27.12,-3.4
2017-11-10,5252,5126,5285,5121,15.7,0.5
2017-11-13,5197,5276,5284,5184,8.17,-1.05
2017-11-14,5224,5178,5264,5122,12.27,0.52
2017-11-15,5095,5184,5222,5024,14.11,-2.47
2017-11-16,5177,5064,5212,5032,11.62,1.61
2017-11-17,5215,5299,5370,5193,14.56,0.73
2017-11-20,5248,5171,5258,5160,6.15,0.63
2017-11-21,5217,5272,5282,5213,7.35,-0.59
2017-11-22,5287,5294,5351,5257,9.13,1.34
2017-11-24,5323,5298,5358,5277,7.82,0.68
2017-11-27,5363,5360,5441,5350,10.13,0.75
2017-11-28,5332,5342,5377,5297,6.44,-0.58
2017-11-29,5322,5415,5415,5306,6.4,-0.19
2017-11-30,5201,5297,5300,5184,11.2,-2.27
2017-12-01,5151,5240,5244,5093,12.53,-0.96
2017-12-04,5225,5157,5250,5114,7.66,1.44
2017-12-05,5186,5140,5200,5133,6.43,-0.75
2017-12-06,5027,5145,5168,5017,8.88,-3.07
2017-12-07,5119,5076,5121,5024,7.58,1.83
2017-12-08,5159,5105,5172,5105,7.61,0.78
2017-12-11,5065,5190,5191,5048,8.67,-1.82
2017-12-12,5044,5047,5102,5028,7.16,-0.41
2017-12-13,5033,5033,5063,5003,5.47,-0.22
2017-12-14,5016,5001,5041,4996,5.97,-0.34
2017-12-15,5006,4996,5051,4976,7.42,-0.2
2017-12-18,5161,5068,5163,5067,7.1,3.1
2017-12-19,5116,5150,5156,5110,4.93,-0.87
2017-12-20,5125,5135,5138,5089,3.58,0.18
2017-12-21,5156,5097,5166,5084,4.44,0.6
2017-12-22,5192,5129,5192,5129,4.42,0.7
2017-12-25,5191,5199,5266,5181,4.32,-0.02
2017-12-26,5146,5209,5213,5137,3.13,-0.87
2017-12-27,5120,5121,5157,5111,3.39,-0.51
2017-12-28,5092,5125,5138,5078,3.25,-0.55
2017-12-29,5083,5115,5126,5080,3.04,-0.18
2018-01-04,5279,5250,5280,5214,8.74,3.86
2018-01-05,5464,5323,5478,5322,13.49,3.5
2018-01-09,5612,5525,5648,5492,13.5,2.71
2018-01-10,5591,5560,5633,5528,7.28,-0.37
2018-01-11,5584,5521,5613,5521,6,-0.13
2018-01-12,5525,5584,5598,5496,7.4,-1.06
2018-01-15,5463,5533,5565,5452,5.92,-1.12
2018-01-16,5474,5468,5505,5455,4.48,0.2
2018-01-17,5459,5415,5465,5380,6.63,-0.27
2018-01-18,5449,5539,5552,5425,8.37,-0.18
2018-01-19,5512,5479,5535,5452,5.87,1.16
2018-01-22,5572,5525,5577,5491,6.65,1.09
2018-01-23,5732,5645,5738,5613,12.48,2.87
2018-01-24,5442,5600,5600,5436,19.51,-5.06
2018-01-25,5249,5285,5384,5202,18.8,-3.55
2018-01-26,5285,5350,5397,5281,10.68,0.69
2018-01-29,5285,5349,5354,5258,7.16,0
2018-01-30,5183,5211,5258,5177,10.08,-1.93
2018-01-31,5209,5151,5268,5148,7.7,0.5
2018-02-01,5385,5269,5386,5218,9.02,3.38
2018-02-02,5485,5395,5505,5370,14.34,1.86
2018-02-05,5568,5600,5671,5503,25.98,1.51
2018-02-06,5336,5300,5387,5225,23.4,-4.17
2018-02-07,5417,5607,5665,5412,18.14,1.52
2018-02-08,5320,5450,5504,5250,13.22,-1.79
2018-02-09,5174,5094,5174,5061,13.06,-2.74
2018-02-13,5099,5200,5236,5085,10.86,-1.45
2018-02-14,5078,5094,5158,5007,9.92,-0.41
2018-02-15,5173,5195,5205,5137,7.28,1.87
2018-02-16,5264,5210,5340,5199,8.1,1.76
2018-02-19,5305,5257,5313,5235,5.7,0.78
2018-02-20,5296,5306,5336,5233,6,-0.17
2018-02-21,5378,5330,5379,5298,8.07,1.55
2018-02-22,5349,5360,5429,5288,8.09,-0.54
2018-02-23,5354,5330,5360,5290,5.64,0.09
2018-02-26,5382,5376,5428,5356,6.92,0.52
2018-02-27,5439,5450,5468,5410,7.24,1.06
2018-02-28,5442,5451,5494,5408,11.16,0.06
2018-03-01,5302,5388,5418,5250,8.14,-2.57
2018-03-02,5237,5173,5275,5170,7.65,-1.23
2018-03-05,5230,5147,5239,5138,7.76,-0.13
2018-03-06,5282,5340,5384,5272,7.02,0.99
2018-03-07,5316,5251,5400,5243,8.89,0.64
2018-03-08,5377,5377,5435,5356,6.95,1.15
2018-03-09,5393,5470,5500,5355,10.78,0.3
2018-03-12,5299,5430,5465,5273,9.16,-1.74
2018-03-13,5356,5321,5364,5307,7.57,1.08
2018-03-14,5400,5356,5418,5329,7.04,0.82
2018-03-15,5446,5391,5462,5387,6.8,0.85
2018-03-16,5371,5446,5450,5345,7.35,-1.38
2018-03-19,5144,5337,5337,5121,11.66,-4.23
2018-03-20,5138,5097,5144,5019,8.47,-0.12
2018-03-22,5239,5200,5275,5171,9.15,1.97
2018-03-23,5096,5035,5138,5035,10.16,-2.73
2018-03-26,5079,5022,5079,4959,7.99,-0.33
2018-03-27,5232,5156,5233,5152,7.53,3.01
2018-03-28,5174,5106,5176,5080,7.91,-1.11
2018-03-29,5110,5145,5150,5051,6.99,-1.24
2018-03-30,5146,5129,5164,5104,5.43,0.7
2018-04-02,5173,5152,5238,5151,4.35,0.52
2018-04-03,5150,5100,5174,5089,5.21,-0.44
2018-04-04,5137,5216,5246,5135,7.19,-0.25
2018-04-05,5213,5229,5248,5166,5.75,1.48
2018-04-06,5205,5220,5261,5204,5,-0.15
2018-04-09,5220,5203,5243,5183,4.11,0.29
2018-04-10,5328,5211,5369,5209,7.17,2.07
2018-04-11,5272,5330,5357,5261,4.79,-1.05
2018-04-12,5200,5281,5282,5191,4.16,-1.37
2018-04-13,5245,5239,5274,5229,4.48,0.87
2018-04-16,5288,5279,5324,5270,3.22,0.82
2018-04-17,5312,5288,5359,5288,4.17,0.45
2018-04-18,5395,5335,5403,5331,6.14,1.56
2018-04-19,5371,5420,5425,5365,5.11,-0.44
2018-04-20,5385,5347,5385,5333,5.18,0.26
2018-04-23,5350,5383,5387,5339,3.79,-0.65
2018-04-24,5438,5397,5438,5354,6.26,1.64
2018-04-25,5410,5407,5430,5360,6.66,-0.51
2018-04-26,5443,5450,5468,5405,5.27,0.61
2018-04-27,5400,5453,5455,5368,7.21,-0.79
2018-05-01,5073,5130,5148,5038,16.56,-6.06
2018-05-02,5083,5128,5130,5064,9.07,0.2
2018-05-07,5198,5192,5225,5164,7.59,2.26
2018-05-08,5182,5101,5202,5094,5.29,-0.31
2018-05-09,5138,5131,5176,5125,5.22,-0.85
2018-05-10,5109,5181,5188,5101,4.11,-0.56
2018-05-11,5177,5126,5180,5096,5.56,1.33
2018-05-14,5289,5250,5295,5237,5.44,2.16
2018-05-15,5271,5252,5283,5246,3.26,-0.34
2018-05-16,5277,5271,5305,5270,3.61,0.11
2018-05-17,5390,5320,5400,5310,6.6,2.14
2018-05-18,5416,5404,5460,5384,5.78,0.48
2018-05-21,5388,5418,5457,5381,5.25,-0.52
2018-05-22,5282,5391,5395,5188,9.36,-1.97
2018-05-23,5150,5200,5212,5141,12.01,-2.5
2018-05-24,5100,5100,5109,5065,5.92,-0.97
2018-05-25,5081,5090,5096,5042,5.64,-0.37
2018-05-28,5183,5142,5198,5134,4.95,2.01
2018-05-29,5160,5184,5203,5140,3.95,-0.44
2018-05-30,5119,5060,5120,5031,5.67,-0.79
2018-05-31,5160,5130,5161,5066,7.11,0.8
2018-06-01,5162,5160,5196,5146,4.04,0.04
2018-06-04,5319,5243,5319,5232,7.05,3.04
2018-06-05,5389,5394,5408,5353,7.3,1.32
2018-06-06,5539,5420,5545,5419,14.76,2.78
2018-06-07,5521,5527,5537,5460,7.75,-0.32
2018-06-08,5450,5500,5527,5448,7.54,-1.29
2018-06-11,5509,5468,5534,5462,5.36,1.08
2018-06-12,5478,5572,5610,5441,6.57,-0.56
2018-06-13,5501,5496,5507,5449,4.3,0.42
2018-06-14,5387,5465,5490,5387,4.07,-2.07
2018-06-15,5445,5450,5480,5412,5.35,1.08
2018-06-18,5359,5390,5398,5338,3.81,-1.58
2018-06-19,5306,5315,5406,5302,4.67,-0.99
2018-06-20,5404,5336,5412,5262,5.21,1.85
2018-06-21,5487,5550,5568,5487,8.58,1.54
2018-06-22,5496,5410,5510,5398,5.21,0.16
2018-06-25,5491,5548,5550,5484,4.03,-0.09
2018-06-26,5487,5416,5496,5373,5.77,-0.07
2018-06-27,5595,5540,5600,5532,9.06,1.97
2018-06-28,5726,5580,5743,5571,11.57,2.34
2018-06-29,5664,5689,5707,5636,6.51,-1.08
2018-07-02,5595,5695,5750,5585,6.98,-1.22
2018-07-03,5624,5663,5685,5449,6.69,0.52
2018-07-04,5532,5620,5650,5502,4.99,-1.64
2018-07-05,5344,5520,5527,5320,8.21,-3.4
2018-07-06,5450,5430,5469,5368,6.34,1.98
2018-07-09,5692,5490,5694,5473,7.02,4.44
2018-07-10,5705,5700,5765,5698,7.35,0.23
2018-07-11,5742,5700,5768,5629,7.46,0.65
2018-07-12,5794,5800,5892,5782,6.96,0.91
2018-07-13,5978,5880,5989,5859,9.86,3.18
2018-07-17,6006,6000,6048,5952,7.61,0.47
2018-07-18,5975,6083,6100,5960,5.1,-0.52
2018-07-19,5939,5956,6018,5914,4.68,-0.6
2018-07-20,5933,5939,5973,5885,5.15,-0.1
2018-07-23,5888,5860,5947,5859,4.26,-0.76
2018-07-24,5837,5915,5962,5825,5.32,-0.87
2018-07-25,5915,5876,5953,5862,3.63,1.34
2018-07-26,5945,5962,5967,5920,2.98,0.51
2018-07-27,5966,5965,5968,5902,2.98,0.35
2018-07-30,5865,5922,5932,5852,3.77,-1.69
2018-07-31,5828,5811,5875,5769,5.84,-0.63
2018-08-01,6105,6049,6184,6045,13.49,4.75
2018-08-02,6117,6150,6239,6105,8,0.2
2018-08-03,6111,6215,6235,6095,5.23,-0.1
2018-08-06,6074,6092,6138,6063,3.33,-0.61
2018-08-07,6163,6122,6179,6106,4.34,1.47
2018-08-08,6095,6111,6137,6085,4.45,-1.1
2018-08-09,6153,6100,6162,6073,3.41,0.95
2018-08-10,6051,6183,6200,6041,4.88,-1.66
2018-08-13,5917,6022,6059,5875,6.65,-2.21
2018-08-14,6024,5966,6028,5940,5,1.81
2018-08-15,6000,6006,6040,5962,3.23,-0.4
2018-08-16,5947,5900,5959,5810,6.84,-0.88
2018-08-17,6040,6040,6065,6000,4.41,1.56
2018-08-20,6000,5955,6022,5944,4.27,-0.66
2018-08-21,5972,6028,6033,5962,3.78,-0.47
2018-08-22,5991,6016,6019,5974,2.8,0.32
2018-08-23,5984,6001,6018,5973,3.55,-0.12
2018-08-24,6055,6015,6055,5996,4.08,1.19
2018-08-27,6170,6100,6195,6085,4.76,1.9
2018-08-28,6173,6242,6281,6159,4.95,0.05
2018-08-29,6292,6222,6312,6198,6.28,1.93
2018-08-30,6344,6392,6422,6340,7.82,0.83
2018-08-31,6348,6301,6390,6288,5.06,0.06
2018-09-03,6276,6363,6366,6244,4.08,-1.13
2018-09-04,6278,6293,6296,6244,3.13,0.03
2018-09-05,6234,6285,6298,6221,3.88,-0.7
2018-09-06,6288,6190,6323,6173,4.74,0.87
2018-09-07,6230,6241,6249,6141,5.93,-0.92
2018-09-10,6245,6350,6377,6240,5.84,0.24
2018-09-11,6335,6316,6351,6282,5.44,1.44
2018-09-12,6352,6400,6422,6331,6.72,0.27
2018-09-13,6394,6360,6420,6347,4.82,0.66
2018-09-14,6630,6476,6641,6462,9.56,3.69
2018-09-18,6652,6622,6692,6563,6.89,0.33
2018-09-19,6682,6729,6773,6653,7.61,0.45
2018-09-20,6574,6600,6639,6557,6.48,-1.62
2018-09-21,6444,6595,6605,6426,11.48,-1.98
2018-09-25,6658,6476,6658,6455,9,3.32
2018-09-26,6768,6710,6780,6675,8.84,1.65
2018-09-27,6665,6750,6818,6665,6.72,-1.52
2018-09-28,6966,6815,6973,6791,11,4.52
2018-10-01,6879,6890,6925,6845,6.61,-1.25
2018-10-02,6836,6930,6941,6790,6.74,-0.63
2018-10-03,6621,6710,6742,6616,9.01,-3.15
2018-10-04,6613,6744,6814,6610,9.06,-0.12
2018-10-05,6596,6547,6640,6515,7.26,-0.26
2018-10-09,6577,6460,6633,6451,6.36,-0.29
2018-10-10,6569,6593,6608,6502,4.41,-0.12
2018-10-11,6288,6202,6350,6151,14.32,-4.28
2018-10-12,6258,6188,6290,6158,12.16,-0.48
2018-10-15,6218,6251,6322,6208,6.26,-0.64
2018-10-16,6356,6286,6356,6206,6.64,2.22
2018-10-17,6498,6471,6562,6432,7.76,2.23
2018-10-18,6418,6506,6520,6407,4.52,-1.23
2018-10-19,6341,6280,6410,6197,6.9,-1.2
2018-10-22,6309,6242,6350,6193,4.87,-0.5
2018-10-23,6184,6242,6323,6175,6.75,-1.98
2018-10-24,6208,6224,6265,6078,7.14,0.39
2018-10-25,5869,5900,5953,5851,11.04,-5.46
2018-10-26,5834,6045,6050,5767,10.61,-0.6
2018-10-29,5802,5934,5973,5770,7.36,-0.55
2018-10-30,5862,5735,5879,5662,8.75,1.03
2018-10-31,6140,6230,6275,6042,12.41,4.74
2018-11-01,6287,6250,6354,6195,10,2.39
2018-11-02,6190,6248,6277,6046,10.37,-1.54
2018-11-05,6008,6079,6176,6008,6.54,-2.94
2018-11-06,6090,6001,6123,5972,5.68,1.36
2018-11-07,6105,6075,6177,6034,7.5,0.25
2018-11-08,6259,6280,6298,6207,5.73,2.52
2018-11-09,6248,6249,6282,6215,5.6,-0.18
2018-11-12,6056,6165,6171,6054,5.94,-3.07
2018-11-13,5893,5754,5928,5735,10.61,-2.69
2018-11-14,5853,5897,5919,5797,5.99,-0.68
2018-11-15,5809,5802,5856,5791,3.91,-0.75
2018-11-16,5690,5818,5880,5681,5.53,-2.05
2018-11-19,5891,5677,5894,5650,5.2,3.53
2018-11-20,5709,5766,5791,5688,5.73,-3.09
2018-11-21,5686,5545,5732,5518,6.67,-0.4
2018-11-22,5690,5709,5728,5620,3.91,0.07
2018-11-26,5699,5710,5723,5630,3.83,0.16
2018-11-27,5802,5794,5835,5742,4.77,1.81
2018-11-28,5904,5821,5913,5809,5.26,1.76
2018-11-29,5890,6000,6039,5855,6.27,-0.24
2018-11-30,5937,5896,5945,5842,6.38,0.8
2018-12-03,6122,6090,6158,6058,6.57,3.12
2018-12-04,5954,6149,6178,5954,6.57,-2.74
2018-12-05,5935,5835,5994,5824,4.64,-0.32
2018-12-06,5776,5890,5925,5693,6.74,-2.68
2018-12-07,5886,5862,5920,5804,5.42,1.9
2018-12-10,5694,5725,5766,5684,4.53,-3.26
2018-12-11,5735,5757,5800,5702,5.77,0.72
2018-12-12,5941,5835,5955,5801,6.35,3.59
2018-12-13,5954,6000,6007,5898,5.44,0.22
2018-12-14,5855,5938,5989,5808,6.13,-1.66
2018-12-17,5839,5834,5876,5760,3.59,-0.27
2018-12-18,5582,5705,5744,5577,7.27,-4.4
2018-12-19,5550,5576,5591,5436,6.05,-0.57
2018-12-20,5423,5495,5554,5354,7.67,-2.29
2018-12-21,5294,5324,5339,5089,13.07,-2.38
2018-12-25,5000,5029,5126,4989,7.38,-5.55
2018-12-26,5103,5062,5111,4999,7.08,2.06
2018-12-27,5384,5400,5403,5278,8.28,5.51
2018-12-28,5326,5284,5368,5252,5.99,-1.08
2019-01-04,5182,5148,5185,5025,9.04,-2.7
2019-01-07,5370,5403,5482,5335,6.88,3.63
2019-01-08,5376,5395,5408,5310,5.76,0.11
2019-01-09,5413,5439,5465,5373,5.03,0.69
2019-01-10,5246,5349,5385,5223,6.57,-3.09
2019-01-11,5320,5287,5342,5280,5.67,1.41
2019-01-15,5447,5392,5458,5300,7.34,2.39
2019-01-16,5356,5472,5480,5317,4.43,-1.67
2019-01-17,5366,5392,5410,5340,3.91,0.19
2019-01-18,5429,5367,5435,5355,3.98,1.17
2019-01-21,5436,5509,5522,5416,3.49,0.13
2019-01-22,5352,5421,5429,5330,3.78,-1.55
2019-01-23,5349,5351,5388,5290,3.91,-0.06
2019-01-24,5259,5242,5283,5215,5.34,-1.68
2019-01-25,5324,5283,5373,5283,6.74,1.24
2019-01-28,5373,5361,5404,5324,4.01,0.92
2019-01-29,5349,5340,5378,5281,4.3,-0.45
2019-01-30,5281,5321,5330,5280,4.81,-1.27
2019-01-31,5467,5399,5467,5388,6.31,3.52
2019-02-01,5499,5500,5568,5458,6.19,0.59
2019-02-04,5055,5099,5117,5011,21.63,-8.07
2019-02-05,5037,5099,5143,5002,11.27,-0.36
2019-02-06,4839,5039,5051,4828,19.03,-3.93
2019-02-07,4713,4775,4822,4704,13,-2.6
2019-02-08,4906,4919,5030,4900,18.69,4.1
2019-02-12,4854,4949,4959,4818,13.58,-1.06
2019-02-13,4980,4873,4992,4873,12.02,2.6
2019-02-14,5038,5011,5039,4952,9.56,1.16
2019-02-15,5046,5001,5066,4968,8.13,0.16
2019-02-18,5080,5058,5086,5010,7.35,0.67
2019-02-19,5149,5082,5149,5073,7.42,1.36
2019-02-20,5274,5160,5277,5156,11.95,2.43
2019-02-21,5340,5260,5358,5228,11.64,1.25
2019-02-22,5313,5260,5342,5250,7.37,-0.51
2019-02-25,5377,5345,5398,5336,7.08,1.2
2019-02-26,5331,5390,5437,5306,7.11,-0.86
2019-02-27,5382,5348,5414,5339,7.94,0.96
2019-02-28,5341,5400,5413,5334,6.07,-0.76
2019-03-01,5315,5358,5378,5308,6.31,-0.49
2019-03-04,5326,5399,5409,5317,7.14,0.21
2019-03-05,5326,5289,5344,5271,5.96,0
2019-03-06,5331,5330,5364,5309,6.58,0.09
2019-03-07,5229,5286,5298,5221,7.2,-1.91
2019-03-08,5063,5140,5206,5060,9.63,-3.17
2019-03-11,5025,5015,5042,4961,8.42,-0.75
2019-03-12,5153,5144,5173,5120,7.81,2.55
2019-03-13,5166,5153,5212,5108,6.84,0.25
2019-03-14,5128,5200,5225,5128,5.18,-0.74
2019-03-15,5119,5097,5164,5072,7.37,-0.18
2019-03-18,5147,5113,5150,5085,5.96,0.55
2019-03-19,5124,5147,5158,5096,4.89,-0.45
2019-03-20,4951,4900,4973,4895,13.55,-3.38
2019-03-22,4709,4765,4786,4680,18.5,-4.89
2019-03-25,4630,4550,4638,4507,12.92,-1.68
2019-03-26,4769,4652,4769,4643,12.66,3
2019-03-27,4765,4780,4786,4703,7.54,-0.08
2019-03-28,4673,4710,4718,4646,8.27,-1.93
2019-03-29,4645,4700,4704,4637,6.75,-0.6
2019-04-01,4756,4711,4776,4696,7.34,2.39
2019-04-02,4680,4804,4804,4676,8.91,-1.6
2019-04-03,4725,4687,4734,4682,7.46,0.96
2019-04-04,4662,4695,4726,4647,9.07,-1.33
2019-04-05,4816,4714,4818,4713,9.8,3.3
2019-04-08,4805,4877,4888,4767,6.31,-0.23
2019-04-09,5250,5150,5250,5061,23.2,9.26
2019-04-10,5121,5100,5178,5063,12.26,-2.46
2019-04-11,5126,5057,5152,5050,5.55,0.1
2019-04-12,5201,5166,5223,5120,7.17,1.46
2019-04-15,5220,5275,5335,5216,6.73,0.37
2019-04-16,5354,5290,5374,5281,8.68,2.57
2019-04-17,5363,5356,5416,5321,5.95,0.17
2019-04-18,5299,5331,5365,5280,5.58,-1.19
2019-04-19,5331,5355,5378,5319,4.63,0.6
2019-04-22,5310,5290,5355,5278,3.34,-0.39
2019-04-23,5288,5300,5328,5277,3.63,-0.41
2019-04-24,5179,5369,5374,5168,10.3,-2.06
2019-04-25,5257,5219,5267,5183,5.36,1.51
2019-04-26,5212,5151,5237,5125,5.98,-0.86
2019-05-07,5408,5500,5571,5386,20.29,3.76
2019-05-08,5368,5399,5444,5328,10.43,-0.74
2019-05-09,5330,5270,5353,5231,7.87,-0.71
2019-05-10,5408,5395,5505,5351,9.82,1.46
2019-05-13,5371,5349,5409,5320,5.09,-0.68
2019-05-14,5263,5210,5270,5196,6.61,-2.01
2019-05-15,5473,5299,5473,5282,7.89,3.99
2019-05-16,5369,5430,5430,5335,5.88,-1.9
2019-05-17,5900,5700,5956,5680,27.28,9.89
2019-05-20,5870,5805,5879,5741,13.11,-0.51
2019-05-21,5610,5758,5773,5594,12.53,-4.43
2019-05-22,5574,5690,5690,5558,8.38,-0.64
2019-05-23,5366,5478,5490,5353,10.61,-3.73
2019-05-24,5360,5277,5410,5247,8.57,-0.11
2019-05-27,5423,5355,5440,5316,4.83,1.18
2019-05-28,5458,5433,5490,5423,7.26,0.65
2019-05-29,5314,5370,5385,5303,6.81,-2.64
2019-05-30,5336,5261,5346,5221,6.16,0.41
2019-05-31,5257,5261,5331,5242,5.94,-1.48
2019-06-03,5168,5157,5271,5153,6.3,-1.69
2019-06-04,5084,5159,5174,5070,7.47,-1.63
2019-06-05,5213,5204,5238,5173,6.11,2.54
2019-06-06,5131,5158,5201,5131,4.79,-1.57
2019-06-07,5229,5142,5230,5132,4.81,1.91
2019-06-10,5360,5298,5363,5269,5.42,2.51
2019-06-11,5387,5361,5420,5357,4.54,0.5
2019-06-12,5321,5333,5374,5318,4.38,-1.23
2019-06-13,5334,5367,5413,5316,5.54,0.24
2019-06-14,5498,5430,5548,5401,10.39,3.07
2019-06-17,5635,5592,5690,5561,9.03,2.49
2019-06-18,5623,5551,5659,5540,7.84,-0.21
2019-06-19,5736,5713,5739,5672,7.79,2.01
2019-06-20,5778,5726,5858,5724,7.63,0.73
2019-06-21,5648,5773,5825,5642,8.1,-2.25
2019-06-24,5752,5710,5762,5688,6.43,1.84
2019-06-25,5631,5708,5716,5617,6.72,-2.1
2019-06-26,5633,5630,5689,5622,5.52,0.04
2019-06-27,5662,5625,5664,5581,7.91,0.51
2019-06-28,5648,5699,5715,5613,4.52,-0.25
2019-07-01,5781,5800,5817,5722,4.86,2.35
2019-07-02,5782,5789,5810,5751,4.94,0.02
2019-07-03,5835,5849,5903,5795,7,0.92
2019-07-04,5895,5876,5899,5832,4.31,1.03
2019-07-05,5950,5927,5976,5920,4.91,0.93
2019-07-08,5939,6000,6070,5916,6.96,-0.18
2019-07-09,5890,5920,5975,5883,4.38,-0.83
2019-07-10,5955,5890,5968,5870,5.81,1.1
2019-07-11,5974,5948,5977,5906,4.57,0.32
2019-07-12,6049,6019,6050,5996,5.76,1.26
2019-07-16,5866,5949,5976,5845,7.09,-3.03
2019-07-17,5951,5871,5951,5865,6.51,1.45
2019-07-18,5740,5863,5871,5727,8.37,-3.55
2019-07-19,5838,5743,5860,5742,7.62,1.71
2019-07-22,5824,5785,5840,5771,3.96,-0.24
2019-07-23,5852,5800,5896,5772,4.82,0.48
2019-07-24,5955,5990,5995,5939,5.73,1.76
2019-07-25,5905,5930,5942,5887,4.38,-0.84
2019-07-26,5958,5928,5967,5906,5.37,0.9
2019-07-29,5864,5916,5964,5841,4.71,-1.58
2019-07-30,5859,5924,5949,5840,4.84,-0.09
2019-07-31,6170,6100,6245,6098,17.87,5.31
2019-08-01,6123,6116,6155,6056,7.32,-0.76
2019-08-02,5940,6000,6016,5890,8.53,-2.99
2019-08-05,5771,5840,5877,5726,8.71,-2.85
2019-08-06,5798,5600,5812,5581,9.45,0.47
2019-08-07,5911,5868,5920,5850,7.39,1.95
2019-08-08,5863,5870,5927,5828,6.23,-0.81
2019-08-09,5973,5938,6014,5924,6.1,1.88
2019-08-13,5889,5920,5937,5858,4.71,-1.41
2019-08-14,5915,6030,6033,5890,4.98,0.44
2019-08-15,5838,5774,5864,5745,5.63,-1.3
2019-08-16,5816,5779,5840,5775,3.37,-0.38
2019-08-19,5896,5901,5937,5836,3.72,1.38
2019-08-20,5965,5921,5972,5875,3.74,1.17
2019-08-21,5995,5910,6018,5895,5,0.5
2019-08-22,5851,6030,6047,5842,7.73,-2.4
2019-08-23,5903,5855,5959,5845,4.69,0.89
2019-08-26,5839,5798,5875,5760,6.03,-1.08
2019-08-27,5882,5865,5896,5857,3.36,0.74
2019-08-28,5893,5867,5922,5860,2.8,0.19
2019-08-29,5908,5918,5960,5867,3.71,0.25
2019-08-30,6042,5985,6043,5940,6.07,2.27
2019-09-02,6036,6026,6078,6018,2.83,-0.1
2019-09-03,6098,6049,6128,6047,3.88,1.03
2019-09-04,6150,6133,6168,6086,3.94,0.85
2019-09-05,6389,6200,6423,6190,9.8,3.89
2019-09-06,6360,6351,6380,6285,5.64,-0.45
2019-09-09,6496,6398,6499,6391,6.73,2.14
2019-09-10,6369,6406,6455,6360,6.81,-1.96
2019-09-11,6451,6369,6465,6368,5.36,1.29
2019-09-12,6515,6495,6557,6486,6.27,0.99
2019-09-13,6537,6551,6565,6513,6.98,0.34
2019-09-17,6542,6536,6590,6519,4.93,0.08
2019-09-18,6397,6481,6483,6305,7.15,-2.22
2019-09-19,6375,6432,6435,6341,6.11,-0.34
2019-09-20,6411,6375,6444,6375,5.29,0.56
2019-09-24,6414,6374,6435,6368,3.46,0.05
2019-09-25,6528,6400,6542,6389,6.49,1.78
2019-09-26,6440,6593,6593,6427,5.72,-1.35
2019-09-27,6353,6403,6455,6236,6,-1.35
2019-09-30,6347,6350,6397,6329,4.35,-0.09
2019-10-01,6350,6388,6392,6338,4.56,0.05
2019-10-02,6200,6271,6298,6191,5.86,-2.36
2019-10-03,6148,6076,6163,6066,4.45,-0.84
2019-10-04,6215,6150,6224,6148,4.09,1.09
2019-10-07,6207,6250,6260,6188,2.96,-0.13
2019-10-08,6202,6217,6228,6177,3.97,-0.08
2019-10-09,6174,6143,6201,6140,3.71,-0.45
2019-10-10,6136,6143,6167,6083,4.15,-0.62
2019-10-11,6230,6220,6263,6194,4.7,1.53
2019-10-15,6311,6310,6324,6242,4.95,1.3
2019-10-16,6376,6370,6397,6336,4.58,1.03
2019-10-17,6510,6415,6517,6414,6.57,2.1
2019-10-18,6449,6530,6557,6442,4.65,-0.94
2019-10-21,6460,6477,6481,6402,2.73,0.17
2019-10-23,6355,6360,6379,6292,5.15,-1.63
2019-10-24,6340,6383,6396,6300,3.35,-0.24
2019-10-25,6314,6362,6426,6282,4.76,-0.41
2019-10-28,6370,6388,6436,6345,3.92,0.89
2019-10-29,6442,6431,6490,6410,5.11,1.13
2019-10-30,6365,6489,6489,6331,8.49,-1.2
2019-10-31,6625,6650,6695,6572,12.09,4.08
2019-11-01,6619,6600,6670,6584,5.82,-0.09
2019-11-05,6693,6695,6740,6644,6.89,1.12
2019-11-06,6640,6730,6742,6626,5.19,-0.79
2019-11-07,6552,6601,6620,6511,4.83,-1.33
2019-11-08,6567,6600,6622,6545,4.79,0.23
2019-11-11,6683,6664,6689,6633,4.87,1.77
2019-11-12,6767,6703,6767,6702,4.99,1.26
2019-11-13,6812,6788,6855,6786,5.19,0.66
2019-11-14,6701,6754,6761,6663,4.91,-1.63
2019-11-15,6726,6705,6759,6680,3.9,0.37
2019-11-18,6844,6765,6854,6751,4.71,1.75
2019-11-19,6755,6779,6790,6724,5.1,-1.3
2019-11-20,6697,6689,6732,6672,4.33,-0.86
2019-11-21,6633,6667,6705,6558,5.62,-0.96
2019-11-22,6686,6687,6737,6681,3.98,0.8
2019-11-25,6713,6708,6714,6672,2.56,0.4
2019-11-26,6896,6789,6897,6779,9.54,2.73
2019-11-27,6932,6883,6958,6865,6.57,0.52
2019-11-28,6897,6950,6969,6876,3.74,-0.5
2019-11-29,6904,6950,7028,6893,7.34,0.1
2019-12-02,6998,6980,7035,6946,6.43,1.36
2019-12-03,7102,6939,7102,6925,7.25,1.49
2019-12-04,7098,7050,7098,6992,7.08,-0.06
2019-12-05,7088,7162,7177,7070,6.93,-0.14
2019-12-06,7068,7100,7128,7024,3.81,-0.28
2019-12-09,7144,7132,7172,7126,5.44,1.08
2019-12-10,7245,7200,7268,7198,6.48,1.41
2019-12-11,7219,7207,7230,7204,6.04,-0.36
2019-12-12,7301,7300,7320,7237,7.06,1.14
2019-12-13,7443,7433,7476,7401,8.87,1.94
2019-12-16,7466,7414,7505,7396,4.83,0.31
2019-12-17,7455,7494,7496,7420,5.3,-0.15
2019-12-18,7413,7370,7439,7365,3.82,-0.56
2019-12-19,7453,7422,7472,7409,3.68,0.54
2019-12-20,7326,7370,7378,7290,7.65,-1.7
2019-12-23,7392,7401,7426,7371,3.22,0.9
2019-12-24,7406,7434,7466,7365,2.88,0.19
2019-12-25,7417,7406,7423,7378,1.8,0.15
2019-12-26,7427,7399,7440,7387,2.3,0.13
2019-12-27,7450,7450,7482,7407,3.6,0.31
2019-12-30,7401,7421,7423,7354,4.51,-0.66
2020-01-06,7420,7331,7429,7325,5.15,0.26
2020-01-07,7655,7542,7703,7532,11.72,3.17
2020-01-08,7660,7591,7702,7514,11.41,0.07
2020-01-09,7804,7775,7839,7717,9.2,1.88
2020-01-10,7843,7864,7916,7830,7.96,0.5
